{"cameraMode":{"drawMode":0,"name":"Shaded","section":"Shading Mode"},"sceneLighting":true,"audioPlay":false,"sceneViewState":{"showFog":true,"showMaterialUpdate":false,"showSkybox":true,"showFlares":true,"showImageEffects":true,"showParticleSystems":true},"in2DMode":false,"pivot":{"x":45.959476470947269,"y":-15.028975486755371,"z":10.989309310913086},"rotation":{"x":-0.18667112290859223,"y":0.02452032081782818,"z":-0.004443067591637373,"w":-0.9822025895118713},"size":6.320024013519287,"orthographic":false}