{"cameraMode":{"drawMode":0,"name":"Shaded","section":"Shading Mode"},"sceneLighting":false,"audioPlay":false,"sceneViewState":{"showFog":true,"showMaterialUpdate":false,"showSkybox":false,"showFlares":true,"showImageEffects":true,"showParticleSystems":true},"in2DMode":false,"pivot":{"x":1.1017074584960938,"y":14.9097261428833,"z":0.0},"rotation":{"x":-0.25821933150291445,"y":0.03042309731245041,"z":-0.008135279640555382,"w":-0.9655779600143433},"size":10.897322654724121,"orthographic":false}