{"cameraMode":{"drawMode":0,"name":"Shaded","section":"Shading Mode"},"sceneLighting":false,"audioPlay":false,"sceneViewState":{"showFog":true,"showMaterialUpdate":false,"showSkybox":false,"showFlares":true,"showImageEffects":true,"showParticleSystems":true},"in2DMode":false,"pivot":{"x":1.7959051132202149,"y":11.317593574523926,"z":1.0021319389343262},"rotation":{"x":-0.0007050345302559435,"y":0.9652710556983948,"z":-0.26124221086502077,"w":-0.002605299698188901},"size":4.108652114868164,"orthographic":false}